[
    {
        "Id":1,
        "question":"What is react?",
        "answer": "React is a JavaScript library for building user interfaces. It follows a component-based architecture and uses a virtual DOM for efficient updates."
        
    },
    {
        "Id":2,
        "question":"What are React components?",
        "answer": "Components are reusable UI elements in React. They can be functional (useState, useEffect) or class-based (this.state)."
        
    },
    {
        "Id":3,
        "question":"What is JSX",
        "answer": "JSX (JavaScript XML) allows writing HTML-like syntax inside JavaScript, making UI development more readable and declarative."
        
    },
    {
        "Id":4,
        "question":"What is the Virtual DOM",
        "answer": "The Virtual DOM is a lightweight copy of the real DOM. React updates it first, then efficiently updates only the changed parts of the actual DOM."
        
    },
    {
        "Id":5,
        "question":"What are props in React?",
        "answer": "Props (short for properties) are read-only data passed from a parent to a child component to make components reusable and dynamic."
        
    },
    {
        "Id":6,
        "question":"What is state in React?",
        "answer": "State is a component’s private data that can change over time, triggering a re-render. Managed using useState in functional components."
        
    },
    {
        "Id":7,
        "question":"What is the difference between props and state?",
        "answer": "Props are read-only, passed from parent to child.State is mutable, managed within the component itself."
        
    },
    {
        "Id":8,
        "question":"What is useEffect in React?",
        "answer": "useEffect is a React Hook used for side effects (e.g., fetching data, event listeners). It runs after render and can have dependencies."
        
    },
    {
        "Id":9,
        "question":"What is React Router?",
        "answer": "React Router is a library for client-side routing, allowing navigation without refreshing the page using components like <BrowserRouter>, <Route>, and <Link>."
        
    },
    {
        "Id":10,
        "question":"What is Redux",
        "answer": "Redux is a state management library that stores the application’s state in a centralized store, making state predictable and manageable across components."
        
    }
]